title	pred_pot_gn	pred_genenames	genenames
Manipulating the Biosynthesis of Bioactive	sgRNA TRV TALEN ZFNs BIAs DNA DSBs OMT2 TALENs SpCas9 sgRNAs associated9 CRISPR InDels II RNA Cas9 BIA ZFN	II SpCas9 Cas9 OMT2 TALENs	4′OMT2
Activity and specificity of TRV-mediated	cRNA pRNA2:pEBV::gRNA 2B CRISPRs tracrRNA RNA1 PEBV NcoI PCR [9][10][11] II 1B [1][2][3][4] ImageJ PAM 1A gRNA SSNs DNA DSBs 1D 20nucleotide 1C 2A T7EI VIGS RNA2 NHEJ PEBV::PDS [5][6][7] ZFNs HDR gRNAs TRV PDS TALENs pYL192 CRISPR RNA NGG WT Cas9 pRNA2 PEBV::	1B II HDR RNA2 PDS PAM 1D RNA1 Cas9 1A TALENs 1C PCR	PDS3
DNA-free two-gene knockout in Chlamydomonas	RGENs CO −9 DiscussionTargeted DNA ZFNs RNAs RNPs TALENs RNP CRISPR RGEN II ZEP RNA Cas9 GMO gRNA CpFTSY	II ZEP CO RNP Cas9 TALENs CpFTSY	CpFTSY ZEP
CRISPR Cas9 activity in the rice	NGG sgRNAs RNAs Cas9 PAM *10 CRISPR	Cas9 PAM	BEIIb
CRISPR Cas9-mediated targeted mutagenesis of GmFT2a	sgRNA E116°20 DNA N39°58 T2 CRISPR GmFT2a T1 Cas9	Cas9 T1 T2	FT2a
Development of broad virus resistance	sgRNA eIF4E SNPs eif4e 4E CRISPR RNA T1 Cas9 T3	Cas9 T1 eif4e T3	elF4E
Targeted mutagenesis in cotton Gossypium	GhCLA1 RNAs PCR CRISPR Cas9 GhVP	Cas9 PCR GhVP GhCLA1	CLA1 VP
Efficient targeted mutagenesis in soybean	16g PDS TALENs GmPDS11 CRISPR GT AtU6 GmU6 Cas9 GmPDS18	GmPDS11 PDS AtU6 GmU6 Cas9 TALENs GT GmPDS18	PDS11
Efficient targeted mutagenesis of rice	SSNs AT TTN SSN DNA ZFNs SaCas9 TALENs SpCas9 CRISPR Cpf1 NGRRT II RNA NGG crRNA FnCpf1 Cas9 PAM	II AT SpCas9 TTN SaCas9 FnCpf1 Cas9 PAM TALENs	STF1 NCED1 AO1
Multigene knockout utilizing off-target mutations	sgRNA DNA CDKB1 B2 CDKA2 CDKA1 CRISPR RNA CDK CDKB2 Cas9	CDK Cas9 B2	CDKB2
Germline-transmitted genome editing in Arabidopsis	TALEN TALENs CLV3 T2 SAM T1	SAM T1 T2 TALENs CLV3	CLV3
CRISPR Cas9-mediated targeted mutagenesis in Nicotiana	pdr6 gRNA4 CRISPR gRNA2 NtPDR6 NtPDS Cas9	NtPDS Cas9 NtPDR6	PDR6
A novel arrangement of zinc	L1L4 ZFNs DNA LEAFY LIKE4 COTYLEDON1 ZFN		L1L4
Transient Expression of Virally Delivered	S9 1F BspHI PEBV IPPE PCR MN 35S M1 1E 1B S11 M3 1A DFRa DsRed2 DNA 1D DFR DFRb TRV1 1C CAS 1G RNA2 NADPH TRV2 SIBS CSPB CP S14 S8 35SP TRV 4reductase CaMV M2 RNA WT RT	S9 RNA2 DsRed2 CSPB CaMV CP S14 1D M2 PCR DFR MN M1 1C CAS S8 1B S11 M3 1A RT	DFR
Expanding the Range of CRISPR Cas9	NGA 1F PAMs PCR SpCas9 1337T 1E RE 1B 1135D lg1 PAM 1A D1135V Leaf1 DNA G1218R 1D sgRNAs Q2 1G 1C QS1 T1337R NGAC R1335Q IRGSP NGCG QS2 LPA1 NGAG 2015b NGAA PstI gRNAs NGAT sgRNA GL1 NAL1 Q1 R1335E 2015a nal1 gl1 VRER CRISPR RNA NGG LG1 NGAN Cas9 1335R VQR	NAL1 1B Q1 SpCas9 PCR LG1 GL1 PAM 1D Cas9 1A Q2 LPA1 1C RE	GL1 LG1
Targeted mutagenesis in rice using	[12] 1F SSA S1 LAZY1 [8] [4] crRNA:tracrRNAs 1E 1B II [2] T1 la1 PAM 1A CAO1 [5] DNA DSBs [6] [7] RNAs 1D 1H III sgRNAs cao1 1G CRIS 1C crRNA ZFN 1I [1] snRNA NHEJ TALEN S5 CAS9 S3 [3] DSB crRNA:tracrRNA US [13] [11] [9] TM [10] sgRNA DGU S2 CHLOROPHYLL HR GC CRISPR RNA NGG Cas9 GUS NAG U3 PR S4	snRNA DGU S2 S5 SSA S3 S1 1D PR III HR GC CRIS cao1 1C 1B II TM T1 PAM Cas9 GUS NAG 1A U3 S4	C1 C2 C3 C4 C5
Site-directed mutagenesis in Arabidopsis thaliana	RGENs sgRNA snRNA LIKE MOTER DNA INCURVATA2 SQUAMOSA DNAs U6 BINDING T2 PROTEIN CRISPR RGEN FT RNA LOCUS T1 PRO Cas9 RNAguided T3 FLOWERING	FT snRNA T1 T2 PRO Cas9 T3 U6	FT
CRISPR Cas9 in rice can induce	CRISPR Cas9	Cas9	PDS
Targeted genome modifications in soybean	SNPs DNA GFP CRISPR Cas9	Cas9 GFP	01gDDM1 Met1 11gDDM1 miR1514 07g14530
Modification of the PthA4 effector	TALE CsLOBP IntroductionCitrus II AAGGCAAAAGGGGTTTATA DNA III sgRNAs AvrBs3 EBE TATAAACCCCTTTTGCCTT crRNA 2014a RuvC sgRNAmediated HNH CsLOB1 $9 sgRNA CsPDS TALENs PthA4 CRISPR RNA EBEs Cas9	II III CsPDS CsLOB1 Cas9 TALENs EBE	LOB1
Targeted genome editing of sweet	sgRNA CsPDS DNA ZFNs TALENs CRISPR RNA Cas9	TALENs Cas9 CsPDS	PDS
Genome editing of the disease	sgRNA DPI LOB CRISPR Cas9 CsLOB1 HLB	DPI LOB CsLOB1 Cas9	LOB1
Significant enhancement of fatty acid	<10 <4 RNAs CRISPR from~16 FAD2 Cas9	Cas9 FAD2	FAD2
CRISPR Cpf1-mediated DNA-free plant genome editing	DNA crRNAs SpCas9 CRISPR Cpf1 r3 RNA AOC FAD2 crRNA	AOC FAD2 SpCas9	FAD2-1A/1B
Multiplex and homologous recombination-mediated genome	NHEJ DNA ZFNs gRNA tracrRNA TALENs HDR SpCas9 CRISPR pcoCas9 II RNA crRNA Cas9	HDR II SpCas9 Cas9 TALENs	RACK1b/c
Reassessment of the Four Yield-related	MONOCULM NGFR GW2 1a GW5 DEP1 IPA1 OsSPL16 CKX TNFR PANICLE miR156 GRAIN OsCKX2 TEOSINTE Ghd7 OSR SALT GS3 NUMBER DST DENSE BRANCHED1 IDEAL T0 ERECT INTRODUCTIONRice MOC VWFC ARCHITECTURE1 IPA OsglHAT1 AND GNAT PLANT OsTB1 Gn1a OsPPKL1 CRISPR RNA DROUGHT Cas9 CK DEP1I TOLERANCE	1a MOC DST GS3 GNAT NGFR SALT TNFR OsTB1 Gn1a DEP1 OsCKX2 Cas9 CK OsSPL16 CKX GW2 Ghd7	GS3 DEP1 Gn1a IPA1
Targeted mutagenesis by CRISPR Cas9 system	R108 1a S1 U6 35S DNA pMtU6::gRNA 1b 1c T0 ZFNs S3 MtPDS pFGC5941 sgRNA S2 CaMV TALENs CRISPR RNA Cas9 S4	1a S3 CaMV S1 MtPDS S2 Cas9 S4 TALENs U6	PDS
Precision Targeted Mutagenesis via Cas9	RNAs CRISPR Cas9 gRNA gRNAs	Cas9	DMC1A CDKB2
TRANSCRIPTION ACTIVATOR-LIKE EFFECTOR NUCLEASE-Mediated Generation	CYP71A13 AgNO 71A13 cyp71a13 cyp71a12 P450 CYP71A12 IAOx ICOOH IAN	P450 CYP71A13 CYP71A12	CYP71A12
Targeted mutagenesis in the model	1a BLASTN PCR CYCD3 U6 CYCLIN MlyI 2f AuGuST DNA BLAST AvrII TYPE GM 1b 2b sgRNAs HDRmediated 2g 2c TAIR10 1c NHEJ TALEN ZFNs 2a NumBeR sgRNA:Cas9 GFP sgRNA:pcoCas9 HDR sgRNA PDS TALENs >99 CRISPR NbPDS pcoCas9 RNA Cas9 FokI	1a GM HDR NbPDS 2b PCR PDS BLAST Cas9 GFP TALENs U6 CYCD3 2a TYPE	PDS
Efficient and Heritable Targeted Mutagenesis	sgRNA $3 CRISPR RNA Cas9	Cas9	FtsZ2-1 TON
Chimeric RNA DNA oligonucleotide-directed gene targeting	COs CO DNA ALS RNA	ALS CO	ALS
Optimization of CRISPR Cas9 genome editing	sgRNA Cas9n DNA protein9 D10A DSB OST2 N20 CRISPR CRIPSR RNA NGG Cas9 PAM gRNA gRNAs	Cas9 OST2 PAM	GL1 OST2
CRISPR Cas9-mediated efficient and heritable targeted	NHEJ tracrRNA:crRNA SlPIF4 ZFNs DNA DSBs tracrRNA DSB TALENs III HR SlPDS T2 CRISPR II RNA T1 crRNA Cas9 T0	II III HR SlPDS T1 T2 Cas9 SlPIF4 TALENs	PDS PIF4
Engineering of CRISPR Cas9-mediated potyvirus resistance	eIF4E eIF TuMV 4E CRISPR Cas9	Cas9 TuMV	elF4E
Oligonucleotide-Mediated Genome Editing Provides Precision	ENOLPYRUVYLSHIKIMATE C1 ssODN DNA ssODNs EPSPS TALENs SYNTHASE PHOSPHATE CRISPR Cas9	EPSPS Cas9 TALENs C1	EPSPS BFP
Targeted genome modification of crop	Os02g23823 1a PCR 5ʹ U6 SpCas9 OsPDS ~100 RE EcoRI II cDNAs 3ʹ MPK2 TaMLO DNA ~566 1b 2b sgRNAs PDS_NI 3b HDRmediated crRNA 1e 1c RuvC ZFNs 2a DNAs sgRNA:Cas9 SP2 HDR ~3 NLSs SP1 cDNA HNH PstI RNAguided sgRNA GG PDS [5][6][7][8][9][10][11] KpnI TALENs 3a OsBADH2 MPK2_NI CRISPR RNA 1d OsMPK2 Cas9 U3	GG PDS TaMLO 2a 1a TALENs PCR U6 3a OsBADH2 SP2 HDR 2b SpCas9 OsPDS SP1 3b RE II OsMPK2 Cas9 U3 MPK2	PDS MPK2
CRISPR Cas9-induced knockout and knock-in mutations	NHEJ ChlM Cas9induced RNPs sgRNAs CpSRP43 CRISPR MAA7 Cas9	Cas9 CpSRP43	CpSRP43
Targeted mutagenesis in soybean using	sgRNA Glyma08g02290 RNAs pCas9 U6 Glyma12g37050 sgRNAs CRISPR Glyma06g14180 GmU6 AtU6 Cas9	AtU6 Cas9 U6 GmU6	06g14180 12g37050 08g02290
Genome editing in maize directed	gRNA Cas9 CRISPR DNA	Cas9	MS45 MS45
A Single Transcript CRISPR-Cas9 System	RZ eGFP mRNA 1F STU U6 PCR OsPDS 35S 1E 1B II cRT 1A p35S DNA 1D III sgRNAs XVE 1C T0 sgRNA01 pZmUbi1 NHEJ Cys4 AtBRI1 5B OsDEP1 OsYSA AtPDS3 eYFP NtALS NtPDS pZmUbi sgRNA 5A tRNA CRISPR NtPDR6 RNA Cas9 U3 mRNAs	5A mRNA AtBRI1 5B 1D OsDEP1 tRNA U6 PCR III OsPDS AtPDS3 1C 1B II NtPDR6 NtALS NtPDS Cas9 1A U3	PDS
RNA-guided genome editing for target	sgRNA DNA RNAs cgRNA CRISPR Cas9 KEYWORDSCas	Cas9	Inox
Efficient Inactivation of Symbiotic Nitrogen	sgRNA CaMV RNAs YFP U6 LjU6 LjLbs SNF LjLb3 sgRNAs ∼35 35S CRISPR LjLb1 T0 Cas9 PAM LjLb2 SYMRK	LjU6 LjLb1 CaMV LjLb3 Cas9 PAM LjLb2 YFP U6 SYMRK	Lb1/2/3
Multiplex Gene Editing in Rice	OsU6 tracrRNA IPPE PCR OsRLK OsPDS family:OsBEL LOC_ 1B II LbCpf1 PAM 1A LOC_Os03g08570 ND2006 DNA RNAs 1D CYP81A sgRNAs 1C LOC_Os06g04280 CAS Cpf1 OsBEL crRNA Os03g55260 T0 LOC_Os03g55240 SIBS RRS LOC_Os03g55230 DR OsRLKs CSPB DRs FnCpf1 PEG FnDR LOC_Os02g07960 sgRNA LOC_Os03g55250 LbDR Os02g04430 2016Fonfara crRNAs OsEPSPS LOC_Os06g04370 CRISPR LOC_Os01g39600 RNA Cas9	1B II OsU6 CSPB OsRLK OsPDS OsBEL FnCpf1 PAM 1D Cas9 1A LOC_Os03g08570 1C PCR CAS OsEPSPS PEG	BEL RLKs
Efficient targeted mutagenesis in potato	TOENE S3b StU 1a #10 DESATURASE S1 S2c GTACGTCTATAATTTTCTATGC U6 PCR sgRN 2x35S SpCas9 35S ACCAACAACTCTCTGATTCTTTGACCAAGATGTTTAGCTCCTTTACTATGGGTACGTCTATAATTTTCTATGC MlyI T1 PAM DM CTATGGGTACGTCTATAATTTTCTATGC OsCas9 3* DNA PHY FLA StU6P RNAs ACCAACAACTCTCTGATTCTTTGACCAAGATGTTTAGCTCCTT 1b GTACGTCTATAATTTTCTATGCTo 1c ACCAACAACTCTCTGATTCTTTGACCAAGATGT StUBI3 RH #4 ZFNs Exon2 IAA NLS sgRNA:Cas9 TTTTT sgRNA PDS S2 #2 S3a CaMV S2a TALENs #6 StU6P::sgRNA CRISPR NbPDS StIAA2 S2d RNA NGG 1d WT Cas9 S2b RT	StUBI3 OsCas9 PDS S2 RH StU PHY 1a IAA CaMV S1 NLS TALENs PCR U6 SpCas9 NbPDS StIAA2 T1 PAM Cas9 DM RT	PDS IAA2
Egg cell-specific promoter-controlled CRISPR Cas9 efficiently	T1 Cas9 CRISPR	Cas9 T1	ETC2 TRY CPC
DNA-free genome editing in plants	RGENs BRI1 1a BRASSINOSTEROID PAM gRNA RFLP DNA DSBs RNAs RNPs EU T7 1c ZFNs T7E1 RNAguided GMO PEG gRNAs INSENSITIVE GMOs TALENs CRISPR RGEN RNA NGG Cas9	1a BRI1 PAM Cas9 PEG TALENs	BRI1 BIN2 PHYB
RNA-guided genome editing in plants	DNA gRNA RNAs CRISPR II RNA Cas9 PAM gRNAs	Cas9 II PAM	MPK5
Gene targeting using the Agrobacterium	sgRNA RNAs BEL sgRNA:Cas9 from~2 CRISPR to~16 II RNA Cas9 PAM	BEL Cas9 II PAM	BEL
Generation of targeted mutant rice	Cpf1 OsPDS OsBEL crRNA CRISPR crRNAs	OsPDS OsBEL	BEL PDS
The CRISPR Cas9 system produces specific	T1 Cas9 CRISPR T0	Cas9 T1	DERF1 MYB1 YSA ROC5 SPP
Efficient and transgene-free genome editing	RNA T0 DNA Cas9 CRISPR	Cas9	GASR7 GW2
Development of Commercial Thermo-sensitive Genic	pms3 mRNA TMS5ab S1 pyrophosphorylase1 TMS5 tms12 RNase rPGMS lncRNA SSNs Peiai64S DNA DSBs CMS Nongken58S CSA [11][12][13][14][15] MYB pms2 SSN UDP PGMS tms5 TMS12 R2R3 L40 AnS LDMAR CRISPR RNA TGMS Cas9 pms1	CSA L40 S1 mRNA CMS Cas9 pms1 RNase MYB AnS	TMS5a TMS5b
Large chromosomal deletions and heritable	sgRNA sgRNAs CRISPR Cas9 T0	Cas9	SWEET 13
Exploiting SNPs for biallelic CRISPR	GN 1a S1 SNP coumarate:CoA U6 4CLs 35S 1f CT PAM gRNA p201N 1g s717 RNAi DNA 4CL 1b AGEseq 1B4 S1a 1e 1c 4CL5 FT gRNAs 4CL1 S2 CTs 4CL2 SNPs CaMV S2a CRISPR RNA NGG WT Cas9 S2b	1a 4CL 4CL5 FT GN CaMV 4CL1 S1 SNP S2 CT PAM 4CL2 Cas9 U6	4CL1
Efficiency and Inheritance of Targeted	snRNA DNA PSY1 U6 CRISPR II RNA Cas9	II PSY1 snRNA Cas9 U6	PSY1
Pea early-browning virus -mediated genome	sgRNA TRV PEBV sgRNAs CRISPR TThe RNA Cas9	Cas9	PDS
Efficient generation of pink-fruited tomatoes	#5 #10 S1 AFLP U6 PCR TB0249 35S II 1B #11 T1 PAM 1A chr6:3687558 #9 DNA zCas9 pTX041 sgRNAs MYB 1C OFFinder 2017b chr12: pBin19 NHEJ SlMYB12 #4 expectant~83 S3 S4 2017a chr2:48418674 T2 #8 NarCh R2R3 #1e11 2ÂCaMV CR #1 sgRNA NPT S2 #3 #6 #7 CRISPR RNA NGG slmyb12 7# Cas9	1B II S3 U6 S1 T1 S4 T2 S2 PAM SlMYB12 Cas9 1A MYB 1C PCR CR	MYB12
Transient Expression of CRISPR Cas9 Machinery	sgRNA NPR3 TcNPR3 RNAs CRISPR Cas9	TcNPR3 Cas9 NPR3	NPR3
CRISPR Cas9-Mediated Mutagenesis of Carotenoid Cleavage	S1 ntccd8	S1	CCD8
Increasing the efficiency of CRISPR-Cas9-VQR	sgRNA NGA DNA TevCas9 PAMs NGCG RNPs NGGNG SpCas9 CRISPR3 NNAGAAW 2015b GC VRER CRISPR 2016a CRISPR1 RNA NGG WT Cas9 IntroductionThe gRNA VQR NNNNGATT	Cas9 GC SpCas9	GW2
Precise A·T to G·C Base	sgRNA5 OsU6 1F P1 OsSPL18 IPA1 OsSPL16 U6 PCR C$G SpCas9 P2 GA 1E 1B sgRNA3 PAM 1A G$C UGI sgRNA2 VirD2 sgRNA4 DNA OsU6sa DSBs 1D 1H sgRNAs 1C TVHYNP TadA*7 NNGRRT T$A A$T OsmiR156 2017b V92A sgRNAs3 D10A TadA DSB TA 2017a HDR nCas9 LOC_Os02g24720 APOBEC1 pRABEsp GE DELLA SG3 sgRNA SLR1 sgRNA1 ABE7 ABE OsSPL14 SaCas9 tRNA pRABEsa BE3 SG1 [PAM] ecTadA CRISPR RNA NGG Cas9 OsSPL17	UGI OsU6 SLR1 P1 OsSPL18 OsSPL14 SaCas9 1D OsSPL16 TA PCR U6 tRNA BE3 SG1 HDR SpCas9 P2 APOBEC1 GA 1C 1B GE PAM Cas9 1A OsSPL17	SPL14 SPL14/17
9-cis-Epoxycarotenoid Dioxygenase 3 Regulates Plant	nced3 ABA NaCl OsNCED3 NCED PEG	NaCl OsNCED3 PEG NCED ABA	NCED3
Simultaneous site-directed mutagenesis of duplicated	GmPPD1 PEAPOD GmPPD2 PPD CRISPR GmPPD RNA Cas9 gRNA	GmPPD2 GmPPD1 Cas9 GmPPD PPD	PPD1/2
CRISPR Cas9 genome editing in wheat	TaDREB2 RNAs sgRNAs TaERF3 CRISPR T7 RNA Cas9	Cas9 TaERF3	ERF3 DREB2
Increased efficiency of targeted mutagenesis	DNA GFP SpCas9 22°C 37°C CRISPR Cas9 CRISPRinduced	SpCas9 Cas9 GFP	GFP
Efficient allelic replacement in rice	1B NRT1 Cas9 CRISPR	1B NRT1 Cas9	NRT1.1B
CRISPR Cas9-mediated mutagenesis of lncRNA1459 alters	RNAs lncRNA1459 lncRNAs CRISPR lncRNA Cas9	Cas9	IncRNA1459
Expanding the Scope of CRISPR Cpf1-Mediated	RCR1 NGA IIb 1F SBEⅡb2 TYCV PAMs tracrRNA >2 PCR U6 RCR2 SBEⅡbF crRNA2 SpCas9 OsPDS pCXUN 532G AsCpf1 1E K538V 1B LbCpf1 TTTN PDSF PAM 1A DL2000 DNA 1D RVR III 538K OsSBEIIb TATV 1C Cpf1 T7 crRNA T7EI TTTV IRGSP OsU3 BV3L6 RCRs NGCG UTR RR Y542R SBEIIb T7E1 OsSBEⅡb K595R sgRNA AT 542Y PDS 3' crRNAs crRNA1 SBEⅡb1 GC PDS1 CRISPR RNA NGG ND G532R WT Cas9 NAG U3	RCR1 AT PDS OsU3 1D PCR U6 RCR2 RVR SpCas9 III OsPDS RR GC AsCpf1 PDS1 1C 1B TTTN PAM Cas9 NAG 1A U3	PDS SBEllb
Lycopene Is Enriched in Tomato	Cas9 CRISPR	Cas9	SGR1 LCY-E Blc LCY-B2
Novel alleles of rice eIF4G	RTSV SVLFPNLAGKS YVV RTD NL IR64 CRISPR Cas9 eIF4G	Cas9	elF4G
Robust genome editing of CRISPR-Cas9	sgRNA 12th S2 D1 DNA Bph14 S1 PAMs Chr12 RAD51A 11th RAD51A1 SpCas9 sgRNAs RAD51A2 DMC1A CRISPR Chr11 DMC1 DMC1B NGG Cas9 PAM NAG D2	SpCas9 Bph14 S1 Chr12 RAD51A S2 Cas9 PAM NAG D1 D2 DMC1A Chr11 DMC1B DMC1	NAL1 LPA1 LG1 GL1-1 DL Bph14
Engineering canker-resistant plants through CRISPR Cas9-targeted	S2 S5 pCas9 CsLOB1sgRNA PthA4 EBE CRISPR Cas9 CsLOB1	S2 CsLOB1 Cas9 S5 EBE	CsLOB1
High efficient multisites genome editing	GhCLA1 DsRed2 DNA protein2 sgRNAs CRISPR T1 Cas9 T0	DsRed2 Cas9 T1 GhCLA1	CLA1
Optimized paired-sgRNA Cas9 cloning and expression	sgRNA G418 PTG tRNA AcPDS sgRNAs CRISPR RNA Cas9 gRNA	PTG Cas9 tRNA AcPDS	PDS
Highly Efficient A·T to G·C	Cas9n rBE17 1F TadA7 TadA* PCR rBE14 À1 TadA:TadA7 1E 1B À14 ABEs OsSERK2 1A 1J Y227P Tms9 3B rBE15 4A DNA 4B 1D 1H OsWRKY45 4C AID 1G 1C TadA: TadA:TadA* TadA*7 dCas9 À13 1I 3A À11 ER 6A pENTR4:sgRNA5 D10A ADAR 5B TadA À15 rBE UAC APOBEC1 4E UV mGFP5 pUbi:rBE À17 1K sgRNA 5A XTEN P152R ABE H840A tRNA OsMPK6 OsMPK13 [PAM] rBE18 À16 pENTR4: CRISPR RNA 6B Cas9 sgRNA8 A142N	OsMPK13 5B 1B ADAR 5A tRNA OsSERK2 ER AID 1D Cas9 APOBEC1 1A OsMPK6 1C PCR OsWRKY45	SERK2 WRKY45
CRISPR Cas9-mediated genome editing efficiently creates	35S T1 gRNA DNA DSBs sgRNAs AACC AA T0 NHEJ ZFNs PcUbi4 [19][20][21] DSB HDR sgRNA CaMV <7500 TALENs CRISPR RNA Cas9	HDR CaMV T1 Cas9 TALENs AA	RGA
Knocking out of carotenoid catabolic	OsCCD7 OsCYP97A4 OsNLSCas9 OsCCD4b PCR OsDSM2 sgRNAs TILLING OsCCD4a CRISPR Cas9 ccd7 T0	OsCCD7 PCR Cas9	CYP97A4 DSM2 CCD4a CCD7 CCD4b
Precise editing of CLAVATA genes	sgRNA BnCLV3 RNAs CLV3 sgRNAs CLV CRISPR BnCLV CLV2 CLV1 Cas9 CLAVATA3 gRNA	BnCLV3 CLV2 CLV1 Cas9 CLV3	CLV3
CRISPR-Cas9 and CRISPR-Cpf1 mediated targeting	sgRNA 43The NHEJ DNA cas9 DSB EPFL9 GM T2 cpf1 CRISPR Cpf1 RNA Cas9	cas9 GM T2 Cas9 cpf1 EPFL9	EPFL9
CRISPR Cas9-induced Targeted Mutagenesis and Gene	DNA HDR CRISPR ALC Cas9	HDR ALC Cas9	ALC
Perfectly matched 20-nucleotide guide RNA	HF1 eSpCas9 sgRNA SpCas9 RNA RNAs tRNA	HF1 tRNA SpCas9	Os02g54600 Os08g40170
Rapid and efficient CRISPR Cas9 gene	eGFP 1j VI 1a S1 U6 PCR 35S II 1f AtU6 D71 YJ gRNA AtYAO::Cas9 DNA pAtYAO:Cas9 FZ RNAs 1b HPT pYAO:hSpCas9 III hSpCas9 1c T0 ?1T S5 S3 ?1A NLS CL YAO gRNAs PDS CsPDS S2 D1 NPTII CaMV 1h 1i CRISPR 1k RNA 1d Cas9 S4	PDS CsPDS S2 VI S5 D1 1a S3 CaMV S1 NLS U6 PCR HPT III CL YAO II AtU6 Cas9 S4	PDS
Generation of new glutinous rice	Cas9 CRISPR AC	Cas9 AC	Wx1
Potential high-frequency off-target mutagenesis induced	sgRNA DNA tRNA SpCas9 T2 CRISPR T1 Cas9	SpCas9 T1 T2 Cas9 tRNA	TRY AT5G50230 ETC2
Simultaneous modification of three homoeologs	TaEDR1 EDR1 SUMMARYWheat edr1 Taedr1 CRISPR resistance1 RNA Cas9	Cas9 TaEDR1 EDR1	EDR1
CRISPR-Cas9 Based Genome Editing Reveals	RFLP gRNAs SSCP OsMIR408 miR820a RNAs miR815a miRNAs CRISPR miRNA MicroRNAs OsMIR528 Cas9 T0 miRNA528	MicroRNAs OsMIR408 OsMIR528 Cas9 miRNA	MIR408 MIR528 MIR815 MIR820
Efficient genome editing of wild	sgRNA TAA1 U6 arf8 CRISPR ARF8 T1 AtU6 Cas9 PAM FveU6 T0	TAA1 ARF8 T1 AtU6 Cas9 PAM U6	ARF8
Targeted Gene Editing Using CRISPR Cas9	PCR TaNFXL1 ABC d'ARN FHB qPCR sgRNAs DON GFP TaABCC6 nsLTP sgRNA TansLTP9 CRISPR RNA Cas9 RT	TansLTP9 TaNFXL1 TaABCC6 Cas9 GFP PCR RT nsLTP	ABCC6 NFXL1 TransLTP9.4
Precise insertion and guided editing	ND2006 REPORTS DNA OPEN CRISPR Cpf1 RNA 7:		CAO1
A Multipurpose Toolkit to Enable	RNAs Trex2 TALENs tRNA Csy4 III CRISPR RNA Cas9 gRNAs	Csy4 III Cas9 Trex2 TALENs tRNA	NCR53/54/55
CRISPR Cas9 and TALENs generate heritable	MtHen1 like2 GmDrb2a TALEN TAL Cas9generated like3 RNAs Gmdcl4b TALENs GmDrb2b Gmdrb2ab enhancer1 Gmdcl1a Gmdcl1b CRISPR RNA Cas9 binding2 GmHen1a	TALENs TAL Cas9 MtHen1	GLYMA06G06061 GLYMA11G20530
OsGIF1 Positively Regulates the Sizes	n=3 WT KO	KO	GIF1
Engineering Non-transgenic Gynoecious Cucumber Using	CO 2B 32& CmWIP1 3C 1B 1A CsWIP1 3B 4A 4B F1 1D 4C 1C 2A T0 3A 4D SHOOT Cas9mediated CsSTM GFP 4E MERISTEMLESS eIF4E STM CRISPR Cas9	1B CsWIP1 CO F1 1D CsSTM STM Cas9 CmWIP1 1A GFP 1C	WIP1
Deletion of the chloroplast LTD	ReferencesAmin DA LHCPs JM CrLTD NE LHCI CpSRP DH LTD ML Crltd1 LHCP CRISPR II Cas9 PSI	II ML LTD CpSRP DA Cas9 DH LHCP CrLTD NE	LTD
Editing Citrus Genome via SaCas9 sgRNA	VI tracrRNA SpCas9 II SF370 PAM DNA DSBs III crRNA NNGRRT INTRODUCTIONClustered 2017b DSB 2017a CsLOB1 HLB sgRNA SaCas9 IV CRISPR RNA NGG Cas9	II SpCas9 III SaCas9 PAM VI CsLOB1 Cas9 IV	Cs7g03360
A novel method for high-frequency	DNA ZFN은 ZFN NHEJ DNA를 sgRNA ZFN의 44:89 CRISPR RNA Cas9	Cas9	Language
DNA Methylation Affects the Efficiency	31C BS ATAACGTGTTGCGTTATCCTTTTCG TAL CACCCTTGCCGACACCAACACTCT 3' TALENs 274mC OsPMS3 274C HD 5' 1A RVD FokI	BS TAL HD 1A TALENs OsPMS3	ACS1
Critical roles of DNA demethylation	ROS1 SlDML2 DNA	ROS1 SlDML2	DML2
Generation of thermosensitive male-sterile maize	S1 PCR TMS5 RE 1B II T1 PAM 1A T3 SSNs DNA USA CMS GMS ZmTMS5 sgRNAs 1C OFFinder ZFN 1~T NHEJ TALEN ZFNs PGMS pBUN411eT1 T2 1970s sgRNA S2 sgRNAeDNA TALENs CRISPR 1930s RNA TGMS Cas9	1B II ZmTMS5 PCR S1 T1 T2 S2 PAM CMS Cas9 1A T3 TALENs 1C RE	TMS5
Essential Role of Sugar Transporter	RNA WT GUS Cas9 OsSWEET11 CRISPR	OsSWEET11 GUS Cas9	SWEET11
Engineering resistance against Tomato yellow	DNA TYLCV CP CRISPR RNA Cas9	CP Cas9	TYLCV
Construction of a Genome-Wide Mutant	PCR IPPE [RED] TILLING 1B PAM 1A RNAi DNA RP0 RNAs F1 sgRNAs CAS pVKmp EHA105 RP1 FP0 SIBS CSPB DNAs R1 ORFs CRIPSR ViewSolid sgRNA FP1 CRISPR RNA NGG Cas9	1B FP1 CSPB R1 RP1 FP0 F1 PAM Cas9 1A PCR CAS	TAD1 CRTISO NOE1
CRISPR Cas9-mediated targeted mutagenesis in grape	sgRNA DNA DSBs VvPDS CRISPR RNA Cas9	Cas9 VvPDS	PDS
Rapid generation of a transgene-free	OPEN DNA Cas9 CRISPR	Cas9	MLO1
Production of low-Cs+ rice plants			HAK1
Knock out of the annexin	2+ REC CRISPR 4~6°C OsAnn3 Cas9	Cas9 REC	Ann3
Rapid generation of genetic diversity	T0 DNA Cas9 CRISPR	Cas9	BADH2 DEP1 EP3
Targeted base editing in rice	LB DNA EGFP RB GFP PCR AID nCas9 mEGFP pRIT3 G590 PmCDA1 OFF PvuII CAPS 1e	EGFP PmCDA1 AID RB CAPS GFP PCR	ALS DELLA
Rapid breeding of parthenocarpic tomato	INDUCED gRNAs FACTORS RepoRts IAAs 26S IAA OPEN SlIAA9 AUXIN gRNA 7: TIR1 AUX ARF CRISPR RESPONSE IAA9 RNA ARF8 T1 Cas9 ARFs T0	IAA TIR1 AUX IAA9 SlIAA9 ARF8 ARF T1 Cas9	IAA9
CRISPR Cas9 System-Based Editing of Phytochrome-Interacting	OsPIL15 pBUN411 CRISPR Cas9 T0	Cas9 OsPIL15	PIL15
Specificity and inheritance of rBE3	sgRNA rBE4 OsSERK1 rBE3 S918F DNA D428N PCR Cas9n，大鼠胞苷脱氨酶，脱靶效率，T CRISPR 位点，且两个位点均能发生单碱基编辑；rBE3 Os08g07774 T1 YJ T0	PCR T1 OsSERK1	SERK1 pi-ta
Reduced Drought Tolerance by CRISPR Cas9-Mediated	SlDREB slmapk3 SlMAPK3 MAPKs CRISPR SlGST T1 SlLOX WT Cas9	SlMAPK3 SlGST T1 SlLOX Cas9	MAPK3
The RNA Editing Factor SlORRM4	Nad3 COX Cytc1 SlORRM4 CRISPR II RNA	Nad3 COX II SlORRM4	ORRM4
Sterol side chain reductase 2	SGA SGAs SSR2	SGA SSR2	SSR2
Targeted mutagenesis in the medicinal	NHEJ 'NGG' RNAi DNA MS tracrRNA TRAP PAMs IIA spCas9 SmCPS1 LC CRISPR qTOF II RNA crRNA Cas9 PAM	II SmCPS1 MS LC TRAP Cas9 PAM	CPS1
